"","message","call"
"1",object 'est.huge' not found,eval(.doSnowGlobals$expr, envir = .doSnowGlobals$exportenv)
"2",object 'est.huge' not found,eval(.doSnowGlobals$expr, envir = .doSnowGlobals$exportenv)
"3",object 'est.huge' not found,eval(.doSnowGlobals$expr, envir = .doSnowGlobals$exportenv)
"4",object 'est.huge' not found,eval(.doSnowGlobals$expr, envir = .doSnowGlobals$exportenv)
"5",object 'est.huge' not found,eval(.doSnowGlobals$expr, envir = .doSnowGlobals$exportenv)
"6",object 'est.huge' not found,eval(.doSnowGlobals$expr, envir = .doSnowGlobals$exportenv)
"7",object 'est.huge' not found,eval(.doSnowGlobals$expr, envir = .doSnowGlobals$exportenv)
"8",object 'est.huge' not found,eval(.doSnowGlobals$expr, envir = .doSnowGlobals$exportenv)
"9",object 'est.huge' not found,eval(.doSnowGlobals$expr, envir = .doSnowGlobals$exportenv)
"10",object 'est.huge' not found,eval(.doSnowGlobals$expr, envir = .doSnowGlobals$exportenv)
"11",object 'est.huge' not found,eval(.doSnowGlobals$expr, envir = .doSnowGlobals$exportenv)
"12",object 'est.huge' not found,eval(.doSnowGlobals$expr, envir = .doSnowGlobals$exportenv)
"13",object 'est.huge' not found,eval(.doSnowGlobals$expr, envir = .doSnowGlobals$exportenv)
"14",object 'est.huge' not found,eval(.doSnowGlobals$expr, envir = .doSnowGlobals$exportenv)
"15",object 'est.huge' not found,eval(.doSnowGlobals$expr, envir = .doSnowGlobals$exportenv)
"16",object 'est.huge' not found,eval(.doSnowGlobals$expr, envir = .doSnowGlobals$exportenv)
"17",object 'est.huge' not found,eval(.doSnowGlobals$expr, envir = .doSnowGlobals$exportenv)
"18",object 'est.huge' not found,eval(.doSnowGlobals$expr, envir = .doSnowGlobals$exportenv)
"19",object 'est.huge' not found,eval(.doSnowGlobals$expr, envir = .doSnowGlobals$exportenv)
"20",object 'est.huge' not found,eval(.doSnowGlobals$expr, envir = .doSnowGlobals$exportenv)
"21",object 'est.huge' not found,eval(.doSnowGlobals$expr, envir = .doSnowGlobals$exportenv)
"22",object 'est.huge' not found,eval(.doSnowGlobals$expr, envir = .doSnowGlobals$exportenv)
"23",object 'est.huge' not found,eval(.doSnowGlobals$expr, envir = .doSnowGlobals$exportenv)
"24",object 'est.huge' not found,eval(.doSnowGlobals$expr, envir = .doSnowGlobals$exportenv)
"25",object 'est.huge' not found,eval(.doSnowGlobals$expr, envir = .doSnowGlobals$exportenv)
"26",object 'est.huge' not found,eval(.doSnowGlobals$expr, envir = .doSnowGlobals$exportenv)
"27",object 'est.huge' not found,eval(.doSnowGlobals$expr, envir = .doSnowGlobals$exportenv)
"28",object 'est.huge' not found,eval(.doSnowGlobals$expr, envir = .doSnowGlobals$exportenv)
"29",object 'est.huge' not found,eval(.doSnowGlobals$expr, envir = .doSnowGlobals$exportenv)
"30",object 'est.huge' not found,eval(.doSnowGlobals$expr, envir = .doSnowGlobals$exportenv)
